guest,guest
admin,admin
player,player
organizer,organizer
ahunter,7(0cImznqR
tonya18,@OhM!rKm&6
amandamaxwell,@VKtkY$M^8
smithtammy,&94ZwHDjdT
ssims,#+0BAuWbxp
ballbryan,AgH0WQeR9)
ubrown,!2*9Ig(Lj0
eric51,!$h86Ck0hP
dmaxwell,+xpq9pQjO!
castillokenneth,i1%*sIcF(f
francisco03,^7fB42H9of
andersonwilliam,$8A$_UUcZe
halejose,0*qWbmCg$2
debbie06,#Fxel39cy4
aflores,83v3pjLs&3
steven22,wxqgXEPq^4
robertortiz,E@6V3Bp!Ky
robinrogers,qS7Qq6Xz+N
sarahvargas,l+gI2vK3Cc
nreed,do2hAXjY)$
angelajuarez,R*Jhs1Wr+P
victor23,#@2y8VEsu9
joshua25,_8ZitfYn&b
tchandler,i04E4lmr)r
kevin75,+1XsFO3^Z0
sgarcia,(Y2C0mAR&O
qrobertson,&w)!bQwn1+
reyeserik,G9bwGiz_&G
ialexander,q2ZCg94b#+
stewartnatasha,KT1HP1XeF#
kellyburch,#)3vpK(fUd
norozco,G@@8luGy6g
kennethcraig,_8gvDU12de
ebonycastillo,_3UKR2h1GU
wlee,i%Y0BrP4_0
amberfitzgerald,%n0763N6%8
erikahood,Fk3rLvwuF+
jamesfrye,pUW9Ze9uJ!
shawn04,0W+4Mrg#!C
rodriguezdesiree,Jk9H%koI^_
richard92,!Q7C5m(5C_
tracy17,g^9JqZ7l&k
brettferguson,#7pxIFaQG7
sheilashelton,ByV9*pQxc*
hboyd,Nk#%HPgx&8
christinagomez,$u4Wgd+sO6
gwendolyn74,#28zHMhi7g
mwatson,*zh3em*g0I
garzamichael,(!xrJIh68y
samantha64,&MHKLkEb3b
burtondonald,H54SxwU3g*
larry65,&2TQPfmD0v
omccarthy,!+8PauxZ0n
chall,+%O!w@jp50
sharris,@A*8QPxg^8
jramirez,#gt2KNCslt
russellkimberly,!)LlZf^I_7
palmeramanda,$yA3gVwc6^
idaniels,!rrVORPb6u
lori71,^OIf4(Yw@+
aodom,t7PQPw7o+5
rmartin,@U59Arbu%5
jarvisandrew,(3G1gQGwY*
kpierce,Y)5Y*Pnc)u
wallacebenjamin,S^*73Gby@y
btorres,VG24MILyX*
patriciaferguson,(CP5lzfh93
clarkchristopher,2NOwXXAb+g
david79,Zd3V+ATm$X
esanders,&!9y&uUxD5
jefferynichols,)+1%CGIdKE
waguilar,#0ZM5riRiB
leekaren,&0APsMs4B8
laura11,H#*+3LQl09
lori70,0$232TazhD
achang,9#2GCKHg5g
rhonda80,j+ln0gGijd
grosales,L#9sxMigQN
angela80,*ryD0)IyM6
josephhale,m%K6&XKbOA
joshuablack,Hy33n&TmI!
hmadden,@gc9K6tOKl
hallen,19hNtMQa#f
pottsjoshua,)REhx8q*36
nsmith,*W1C@c*Gy0
estesrobert,#BBqd@vY4x
greenevanessa,^9WWuj2Y57
hamiltonmary,r2Z1BbnO)8
eddiecox,1kmpJ3Wn&p
pattytaylor,p2TYbeqt*+
millerjames,*1XFvpjzYT
mckeejason,124BET4e(6
jeremygreen,y@5W^bM)G!
bobbyburns,Q6EwEIKi(y
cordovamakayla,wN3VY&yrk^
anamiller,%AXAC0Gl2n
ijames,&4Q@L^ivoL
fsmith,!LtA_V8j@1
latoya26,#gRXnAKgW3
teresa21,u%2PcBltGZ
nicole87,)298nD)b(W
fbennett,U%^4RiDncl
sarah81,)L5vIAyny!
wrowe,r_n&0YNrvd
emendoza,@v7IIFd1%2
andrewchase,fQ0XrHnH1^
fthompson,*l%5OAnV8Z
cheryl11,5R4Ik8Cct(
james13,743!1QqTWQ
coreytran,&2h#h6zatZ
ashley22,95p5uD3a)N
alexandriareyes,i%TN0JCl*2
tiffanymorales,p#8tiIc3g!
zpayne,M%2XrhsY(e
kenneth58,lJ_HwUJo&7
vsmall,(81Zuqwe9!
hamptongina,!FKH$GaWm9
velazquezkaren,7RW0BKqv#j
johnhester,_5TX$6jane
lopezedward,Vn3*T#mb^*
lynnemma,@9huEs80(m
vchan,@aEoW^gmc5
andrea19,@UDMhIyi_8
john85,_(1wYQpc%J
clarkmorgan,o(&3F89mVG
alvaradorobin,+m73NeIQ*5
dfisher,!FwuQUAh67
youngleslie,$b2AHnnF2&
stephen05,&lLeCKyV#0
ryandavis,Mk+0(qDhNi
diana39,&rgjikSl74
andersonkathryn,t95z0wYc)!
anthony55,%my^H9Meb7
marksmith,+D8@KjB#WE
michelle56,M)1u4YoStI
sarawaters,t&sp2CdGX6
michaelcruz,TFCw$vTt#5
whitney09,)EQCIDj2l4
mperry,n8HlQQ4M$(
sandra68,pqHUkIeJ_5
donovanchad,*97t*Epx6N
qflores,^oBUc$Qw^1
jwilliams,3@DblKg&^o
barry96,1!e0YWz52i
jamescarlson,l_O7%Xg(p+
boydgary,(0X(lUvDm#
zbaldwin,UM^91Fzt3^
vickie44,#ys@EJa9!7
wdiaz,UX2XWh0)M@
darrell28,WuT)V&4@(3
kyle66,%1_TH9_Cgq
jason41,+6dG+xkkSq
robinsonleon,$9_JdDXOZ6
mhess,s_9Tbq*Su#
nelliott,D(#3B+g88K
brucegonzalez,r(1KrtKi(V
morenoalexander,!4S!8yl9!8
fharrison,)10T9N@rrD
rodriguezzachary,$XBwbHZb@2
john70,rO)5cJBma4
williamsilva,F8*2LqEPn*
christine08,AFVAf&xH!1
alexanderwalton,$9YsCZPZDa
andrewsbrenda,+dpZQ0G!5U
clifford28,*)3C4GBBd2
william17,!m!27RMk)4
burtonkristen,W1HSUUUC*m
umann,pRdY*5LlGt
ericalambert,0ncnJIem&4
wattskimberly,_Pr+2JjI+B
coxkyle,v#7QIu7%UX
iburnett,u(4wWWn+S_
charles23,JYd4HczK(6
hansonnicole,Pn%6ZrpM$B
oharris,vyX6RBFp)b
kerrysmith,)Y!Waqbd0I
westjoshua,)#$tESqcG4
alexa49,U0)1WVIp2v
xavier48,j3Q3eSm6^R
dakota40,4&g5ED0oiu
jessica89,$r_3B(Cmex
leepatrick,#V3HADv4c$
juliesimpson,FX4!Z3upi!
vjones,(1MQIcqn9c
jsosa,UB$6O8iXP7
roberto62,rdVgHQxT(4
gregorywolfe,9n1$uI#a+S
jessicahutchinson,%6$TxzcJK6
melissa49,@GpX%bJg9&
blankenshiptheodore,b%^8@GefRq
andersonchristie,18YBpN2y$0
shelly67,R^#BcLn4)5
renee49,1P3XTS2c+%
grahamwilliam,42Y_A!J9%k
fosterlisa,yvG2bSDcW!
jessicarodgers,@1N3AQpZVv
connornelson,&1A9lI!fy4
catherinebennett,l0h8iSqX(P
alexanderabbott,a48%XSyI#Q
arusso,N^*4Hhf00m
marycantu,mOOuPShb^4
jenniferjohnson,7iP#25Gc$6
joshua69,S%9R9$tWxv
janice44,Rk@P6CbG!i
grahamdaniel,%3Uydc5Bz5
whampton,KJn0k(BjQ*
huntermaldonado,$Z)JH(Ma8Z
rhendricks,(8x+OVcRGV
jodycarpenter,k(7Hco@bqu
dfischer,3pYHHnas_W
myerspamela,A14cLoQq+5
amandahill,GlgIEFx%@6
harrisbobby,v7$6lZyc_p
nicholsonkristine,$6WbRNLgRZ
ncox,*a7HoX_)v+
bclark,%6&RDEEzjH
christinaholden,(a^ZSKu^(7
jasmine39,h1(Md5X^+v
whitneycalhoun,%aW&+vDsb4
brian55,%lJV0R7s$f
loveryan,$AF+kKAvu0
abigail20,3ADkCKa^)H
gcrawford,ptP+g2Hsz_
crystal43,!t22IQtDoq
ltaylor,63qP35fq)7
rosarioeric,YdV7DZQt2^
xmathis,6shOrc#p$1
marquezkayla,(2wOPwb^ql
malonebrittany,cB5PLVPz&T
amyharper,*J1$QwEV^R
brady41,r(B*6RHhWj
bcole,TCyG$2Tfn@
hortonashley,0*fpXUDe#N
zwelch,N_0DrXJc%7
sarahsweeney,To8X*ox3*&
juliawheeler,*bLmM9Ju#Z
christophersmith,h_J8WvK(2i
bryantjerry,l!3yJOiY@Y
msnyder,^_C2HCCvK@
allisonkaren,t8y3GrUl)q
acevedokaitlin,*1KOmZUyEu
julie78,P!4EGNvo)5
npatel,#)pkdJmwX3
melissasullivan,EfNRHx_($8
robertskrista,O%N7IXLKum
andersonerin,_GNQPll29^
millerjody,j01c3VghS#
johnnymarsh,^tC70CjTFV
kcurtis,L9#t^9CeW!
rachel27,!$ylKtFll2
ucasey,Q$I*7NpNF2
joseph13,P!&5VRDaV*
amberortiz,O!3CkwO@pq
jennifer76,cq+Deeke$4
banderson,E5AVydp^$9
mmartin,^4zTFXofWo
gregory85,4zi6AjiX^5
ricardo42,*KWjfnZC!0
vgarrison,3(zd88Xdmp
mannlee,9Z2sV$!jl^
ocalderon,S4TOJgpg(S
johnbridges,)$mQOJsoA7
kathleenfoley,@3%eJlZ5QO
mitchelljames,1wsBfs1Q_&
llewis,aulH7ODc9^
jfisher,*_7IbTN5T4
riverajason,6U94YG(qy*
varnold,0@0KFHJijm
robert86,&YOuJHx7v2
claytonlauren,$8jzEkwdsg
bclark,hQYj9au%%^
brenda26,s%1HB)VnS+
tiffany13,P)@N*9WqEX
ochoadenise,$lWTBQew&5
cannontaylor,5s9VPaHG!O
monica82,uus4r1A*@@
danny05,J2B8rcdg_$
nicole06,g58VIxA#)o
jordan26,+B9PGnb*m5
qramirez,yIPWVLys&1
desiree68,^@W0XpDCSm
mholmes,_l3WJn0RU+
mirandamccarthy,i9iNK$6b&W
megantran,&NtlD&AX9b
stephanie46,%_UC*Wai22
amynewton,&NShOllE32
mallory16,4QO7Dik&l!
gbowen,^^0ZeLJinm
mitchellchristina,yx+A3gXkb@
vargasmike,P5Afu9NvW@
andrewwilliams,I!w9*MbdYk
njensen,v(9(Bm_YX&
millergeoffrey,_x6XH+2l6o
jessicabryant,+%PLmpoc2g
jacksonsamantha,)(mt6LSy+v
aaron91,uG^%8HCuqJ
sarah73,Z61aADAtU!
crystalcooper,9ANLMoP5#5
vvaldez,8(35Tdky+V
coreydaniels,4alMBN39_6
dwilson,+f28GrGdIZ
juliawise,n(0hU4Ro9a
ashleyarnold,3s_RZFOg%I
omcconnell,U68vTsDP_d
coryoneal,nrh99GKs^@
bryan62,#qAg7FyiCg
latoyacrawford,f_b9FXx(Gj
qmartin,^b4QoD_uN0
hansenmichele,*7Z0IsZdXH
michael11,$@Yu0Rl*+_
vargasryan,&Y8Sgw@aT@
mercertanner,@F25KJGpe#
johnsonallison,M!56PPQd%u
birdleah,%6K$ePiayw
antoniolewis,BS7wDCzT(3
dlong,V3K^I1Az(3
wmcintyre,Kx#HIKop^6
kristenrodriguez,M5pRii&a%6
marshallkyle,%^3*5TMxat
wilkinsonlori,$IVf09Sesr
thomascraig,K_9+s9*rqA
vincent49,^Bu8U@Ouu)
mollygraves,(*GRClY*0u
thorntonrobert,#+b3O^vt+W
omarstout,_j8zi!G@)+
melissa88,*a28PRsh_t
phenson,)sFsHu*)t1
susan33,S&9Egi^p_*
caroline02,p&9Wsk3s7#
brownmichael,Sz2ZlkuJ)$
meghan60,V2*RGu0U^t
lgreen,!2Weo9Iqos
klang,4k08Ljse%m
kristinlester,&H#VzGe0k3
andersonsuzanne,@c(C2MJrQY
lauren40,_mqj1Sg&1q
joneskyle,eD!*6vIx^^
burtonisaac,QeXdBBDQ#2
bgutierrez,A(4%#QigXq
garciaandrew,*hb8ePwpa#
samuel12,5!l6JlRm6V
andrewmarsh,X6Vv5f(F%3
cesar54,agN_c1Ur@V
veronica67,G9kzPXkb+6
jacob14,Qu$LEkSA)1
joshua83,6FDk7CluC@
odavis,sd^*h2Us_T
gomezjoseph,%P#2NiEr+F
voconnell,2zboXAHc#I
davidwalker,(KX0X1u!3L
donaldtaylor,W^7DDAikJU
francis21,f)2YDfuQ!9
stephen04,^dHM)_6Ga2
whall,4pUwFZlF^9
kingkatherine,N8bm5NBt4$
arnoldalyssa,@e3WWUto)y
mmiles,^1nTNbqmGI
jrobertson,p4A$j)XF#4
christine25,ma8ZGsEy^1
larry99,!Ec4Ecoz#J
jjames,KlPVWjsY_7
chall,TE3q_Kbe^(
nicoleellis,_WDE6r7Z1I
andreapowell,6iO9gaLC)P
annadavid,@bn5P7rr9_
fsmith,&0U$REgfXt
michellepeterson,!UAHzfrAa0
jennifercox,N+6Nb%ooEL
cherylrobinson,2xi1Ne2b)B
scott33,*MCG2zi(U7
adamskatie,yn!24FtJ@P
bgardner,%vQ2zO#D6d
thompsonrobin,*3ikeN5cMf
cguerrero,w*zP1BbFd3
toddjennifer,N(@75EgJ&P
susancollier,)q4stvXpvg
dillonsamuel,9tnfLQm2)0
owilliams,gs9juJTs_c
browncandice,r92KPp+s_y
kyle28,5)#%6pLr)8
hmason,e)W#5MX6$m
nicholasjones,!4YLcWfm)J
vsmith,*NF^%8Ej^W
mooreangela,_$N$7VTn4t
seanoconnor,(vLbvW#J0l
hrodriguez,^ZClbTe43g
jose19,KEdKcMBa&3
richard84,_0WkF!q#Il
jamesdaniel,(v^Bod*p9)
james16,^B8mK3Zwa8
yhanson,^$Ei$2Oo1r
prodriguez,8(gl5LJaFD
tonischneider,)8z9nqRjnY
ruthriley,O^!2IDxa3&
hannahlyons,qH6mOubQ*C
matkins,657)Rzfz&r
ibradford,$6yEn49hJ9
dmay,H+68Cbbls2
christopherphillips,4)9YLDpNi$
candice44,9tEWzBLp_4
murphyadam,yc%3U^Wvvh
zharrison,^JC9dqsB_8
tbrooks,!k4EFCMtm*
john99,1ne+eLTs^2
richardmarshall,%5BI^qd04U
westraymond,Od4tN(g_#F
tbryant,^e8ALligMU
smithdarren,o5!6h%YbZa
graydavid,Yh6YhP_E^P
alanjohnson,Fq&2I0osSX
xcurtis,Xx*2LcnD%*
jennifermarshall,)05Azxai@b
jerrylee,Txp9GTjNR@
fullerdavid,0D2FGLl2F)
gmiller,*)+2V)kqEl
ronaldhoward,k#9TbQz@Bx
hclark,!i(D1Dh53&
gary67,_9MBR&ba1q
karidixon,9#fO6DIatL
collinsjanice,Lp&6rRp5#F
michael24,69LEL6v9#n
wilsonandrew,%n4@5WKeW0
michellestanley,k*$4JUVy++
eileenobrien,!V^Ez0HjN7
whitetimothy,NX#8c3Dg#D
moralesandrea,*)x3l0Ym3n
jordanhicks,*8NkV+N(yd
colton02,L$7Oh^Qo%W
laurenschneider,$HzWA$$61b
josephsanchez,C9rCrhOr&E
michelegonzalez,$@37DciYo#
cvalenzuela,s#2)NWdt5i
davismargaret,%v66RYzuae
vsullivan,3Ka3Bb1ls%
gtaylor,$34yPTy(+7
tylermorales,nR3oS0Vc@3
wroberts,!8SZ%stTd$
andrealarsen,6)U7awcy)f
evangregory,+H6^ShRmmv
renee93,)H5FBYBa5e
jacob85,!w&2W+EikD
samuelfranco,B3C@_hpF_a
csanchez,T%9INR1vYk
edward46,(ly6YdkhqN
evelynreese,QXGMaIvi@4
edward50,*0@5Q!Il$B
stacey05,2l1AaUjn#+
sanchezcathy,_CuLt4Rj+Y
xlane,^TKZCaI&e2
richardsilva,!u1Dz5wCGH
mcollins,fD9Mtf+cQ&
jacobsteresa,#q9&Njn0(L
ihendricks,5^5d$Ge)Cq
cristinaphillips,@W0s*$Rxt%
hardincarla,c%B#O7NbLX
phyllisyoung,WPI7MbMh&9
hmoon,WRI2DkOXS#
bakermicheal,sy56EDI+D(
nkennedy,_fI5BAw8^2
fmcgee,Ay*1lYbJ_W
smithpaul,Q^(1DhsYd$
mendozavanessa,*j7p@#Bo7S
eduardo59,REm5YZuby_
andrewdawson,4M6CN4t(k&
breanna24,e7XY0PDD+x
dawn15,w2cZeaNp)6
schmidtryan,L!X6gv8r1H
wendy48,xJ4MFzwY&Y
johnny95,0bAKGw#U+S
mullenrobert,Q$N167Lg)N
mercererica,Mk6^GfDI(t
brittanytucker,u73eB0RzI@
edward70,1@7(JTkwWF
victoriagarrett,#L*2AXat@5
abooth,MOjP3jLy+@
thomas19,$2k1Tjm$1j
khoward,(o19ATp0MV
miguelgilbert,a++209PnZY
zmurphy,!n@FIizgt5
heatherharrell,c+VEfkda#1
morgan18,++q2OFkNze
davidwood,+9Com$^Q1@
dthomas,c%O89H$cX4
alan38,I)s&C2Xbt)
nunezjames,^#5wS#mpP5
david68,k0B3wWTy+3
ramirezmelissa,s6SROKQj%k
woodkaren,MS$8TlCJ*p
anthony77,$E2fFfSOAP
dianeramsey,e(9#bGnRv(
joseph91,!@7u9ORevw
rmorris,*s3PPMzj*n
jessica58,gqHKleTf*5
ywhite,@74xNqne&X
simmonsjamie,)487FVKqnv
xsanchez,N!6wOBdmtx
rgonzalez,^Z+J6Rbx19
ubennett,cZ7Eqry+l&
duffyrichard,_3Nc@t1mT$
blane,&4Ciw9Y2&h
henry05,$58EOdlZaX
kellyhall,#z7_fgSC5U
katie43,2#a4DUWm^$
anthony23,&B$^DaW)8*
markjohnson,18MKNMhv*F
mshea,KB0(JLenp&
robertcompton,V+or9Cc#_Y
mrichmond,O+2sII6fdF
victoria17,n+u4VD#wtl
sean83,q$5Xl9H@at
sandrawagner,#4StdA(n0@
brandonrivera,S1aU1xFbd!
dparker,rJCnFaIw(4
alicia35,^7jLfBDA_w
kellysteele,%_G3Mvr)hF
taylorpaul,$$E7YuZ5Ee
timothy96,x#n4gp9stE
tina19,8Gf7Cy&q)l
sandersnancy,$0WE*UzQL6
thuynh,B)$2%jDcdL
pbradshaw,w)3JlPKbM%
jamesle,^f8EzS@uG*
donnabrown,^1Mni1oXvf
emilybullock,$#4JFUf8BF
edwincarey,w+0PqRtW!F
teresamiller,IIk%4Pq34A
wmontes,p#IIIdo$*2
weberjames,)seJJ0srt9
lisahall,+JZRha5Q3F
rebecca31,Vz32Ezh%N_
victoria09,df+V$jn_+1
henrytiffany,xf3SYzjOT_
francisco46,t3pEEpsf%%
mcintoshjon,^2IMn4w62b
kristin31,7$n83ZpA^P
cscott,C@jh73Byo%
tonihurst,J35@SIqk!9
becky56,JAQ9ZKgU!w
alexisjordan,TjPf_Qwr&6
stevengray,4^p@1l^zBG
danamartinez,T+Dq(9QyKw
daniel15,8a3(_WabP#
dorothy60,R7dFIm_h+a
allenboyd,!Qe656Jy#e
xfoley,Z_)2iM_n%(
kromero,M+8CoL+HXb
smithtimothy,)Y03BOMoi#
ffleming,_0Vzb_76rM
wagnerkatelyn,!3SxkLc8#8
gillkeith,&p7KQZJpgy
snelson,aq4&J0HavB
hodgematthew,%PgVP#AiI8
janesoto,&J8T7Wx8O5
laurathomas,SA%I6Pm#uY
gbradford,AuKGS%O)$7
maxwellduffy,$3a3ROvcvJ
joshuajones,%7eLT*i7*v
zwarren,_(VfqqjA$6
donaldlee,cW5$77Ugw%
erica98,a)7p1*Gd^t
melissa55,oas10Vijl%
userrano,^3uuQmii$1
hartkimberly,#74TjAIwuA
kaufmanteresa,ZR1x1THm+g
scottking,SU8_DHbq#)
rsmith,rW0K3Cllj$
cstokes,(+7iPGnCMy
wilsonholly,(5qMATw_$!
coleedwin,AS(1P_Xwk*
fwilliams,w)W1Si%x%w
yfoster,P@0(VU$tec
nchambers,F#SgqLcz)2
drichard,^g0Y(lLsfl
browngary,jeKPE3Md^^
lgoodwin,$4RWO^RKlu
christopher12,%pw_ACd%88
leonard48,#8HNBvX9f^
wramirez,y9B(0!(q_6
miguel57,)5lLYK!9t6
martinandrew,$dz996Ka4W
campbellmegan,y+3IBl(iyc
justin99,($2CG!frUt
brownwilliam,s(PZ#tH9#8
philip71,H6dVIh0z$d
oclark,E8OfgHhG!9
pamelarobertson,KnrIFXx1!8
theresaferguson,6RM2Ub!h5#
claudia59,+2uFRpukQr
francistimothy,b62%jpQA%$
lorithompson,2UKe8VOi_1
erikbennett,&1#XH0)%eo
lrowe,gL30kJXu^G
kevin19,wr#8eZfZ$j
darin34,3#a+5&RpLX
sototraci,C9L)4VgxPJ
kmontoya,_uyLwk6hD5
todd79,^z^8GBk1m3
robertsonvalerie,*k^gYanfO7
garywilson,*&1CNfArF+
wroy,iP1AgDzU%o
wolfjulie,@8Zw$j8MA%
aprilsantos,i&F3PXjoTM
qwilliams,)sY!cr7r7q
wcarroll,%+PJhj#@L3
fpoole,B$4XP1yeE)
robertblake,)d8Y!xTm9_
grimesjustin,ZU#2WfPb*0
stephanieroberts,*f5McxZoW*
burchjesse,)I65Gou0J9
lisa82,@9I0o%Zh!m
tmunoz,ut+*9Mfrpg
vsmith,#7#6xEKj3h
becky60,T3*YE%lF(2
iortiz,(oa6(Jkzp&
robertbush,*+BeNXtnM6
alyssa21,xv9YodD4*x
diaznichole,ZPO)7Bqt4H
nathan54,!dWdP_lEH9
ofisher,_+G$BOil(2
sandra48,)XMT$mG!3i
johnstonmark,!1!tTFKcAp
blackwellandre,j990Exkp^T
nicholsnicholas,p2LhjI4$*S
bentleynicholas,gG2UT2dD$e
mooreaaron,GX7Q%t@j(_
lorrainemcdonald,3RG5Hrqcp$
april91,_AB1DlO$**
shawnicole,%t1uSaGx99
cynthiagilbert,&bn%CTo3I6
garciakathryn,qB#e8E*ixF
jean08,2Xv7jB(zP*
jjohnson,6dKm1YXO!*
qbooker,OvMc1j0!&5
duarteeric,2!13VzLq94
wparrish,6o1@#2Zt^9
agordon,t3DXnC8i&8
diazmorgan,x@G7MiO6$5
klong,#O%A#Zgi1M
jason09,@JAh+Uac5W
theresa99,@o%bCWnR6L
amanda29,&PjpNgvHM9
catherinechen,#*&F4Gaqmj
frankfrye,#Qp6HQSfeV
igriffin,Z*@0OX!m*u
jessica83,#cPR3aN*&6
molinarobin,6p5K8@vu_L
marcus00,(55lFQp5uI
eweber,qlJ5kBgWH_
wfranklin,%4DLyvB7Xb
kevinrobbins,F&7CZsm0xC
gsullivan,+b&ZXxx0L8
jessicagray,R*QqNHwn)6
lamcolleen,@XWs$Adc1N
brandysmith,6&6KMdyp^x
robertclark,vS11EqsTO&
vcraig,+mg!RvEX5#
mcdonaldsamantha,+5pIEVUc*R
goodmanchristopher,i4Jg9TOf_i
smithnicholas,w)16WeBsjg
uyoung,8tVRQ1a3!*
russellcindy,2kFaMyiD!f
tevans,MU#RYTRy*4
jocelyn75,M%9fIkHgqs
donald14,x%21Zq9e6O
maureen49,+_1WJ+z*9v
uhenry,DG9W2tYoS%
sheilasmith,E#!1P4iF$&
amber28,5(N!a0QS(0
rickysmith,_U2HXeKd@t
davidballard,!lJlhw1YC8
angela97,)^IjrUbcq1
joshua74,68ctyjPl&p
zbates,!uF0hVbOa*
uhoward,Lz4LYuIGa&
millserin,_0IZVa7x9x
raymondturner,(8db!Ssx*4
diamond74,@y$cQ&dj1W
lauren03,c+0T$FZs5B
juliemontgomery,%^08LCUw)%
charleslyons,Pa2qOPZwb)
anna06,#uIOEsNq7v
diazelizabeth,+y4&D2tKWP
isaiahzimmerman,frKSZQJP+8
shanemartin,J$t0LXyr#O
josephnguyen,#i)Xk^FG0j
nhodge,K^^59Mdd+p
taylorpaula,@YEhlMLxq4
qwallace,)rOZjECx!4
zguerra,kgU5GFye)5
taylormatthew,)^BOWIw(4i
fjackson,b4K4STiw@o
ysmith,xMYqHVaq&5
michaeljohnson,^dt%&KW83Y
bellashley,4OUuNAdJ)1
huntermichelle,@I9vWwASC^
beltranbrian,IAi3cCnx8&
medinacraig,_4PVzY1pxu
uscott,%22OYAboXy
stephenhart,Ss8lPJC%L@
kelly14,#Lg3Sfv^kZ
douglaspittman,O5ITufwg*6
kellymiranda,0A@2Poztl9
bryankline,+SKRYsPG*7
rodriguezamber,@k(wX3EqHP
janethansen,)8Ibf%ZcU&
vaughnjonathon,fVeu9WKsO&
larry36,5R(bAPlG(6
stevensoncynthia,+0e+zJLlpP
evansstephanie,l+8F+VUdin
fwilliams,&W(PPe2Q#9
caseylane,G30EFQet^!
combsbrittany,82FUYPrc_n
jonesglen,)jUROGkoj3
mary30,@%sPXlTy(3
lwilliams,Q$2FX!wzBU
william76,J9IJ2tHu#*
williamschristopher,%o3MyhEqq5
teresadavis,+41^0J4m@A
qanderson,4Vy6$Adx_n
christine47,@m(1PuUhct
afrank,V0+2AqpJ+!
teresaclark,(1I0WEDv&v
ghunt,@$4lMuAevq
fergusontheresa,j$)V8hVeur
stewartmichael,I4451QWgc(
williamhumphrey,v7)5Owgy_A
jeffpalmer,+sd&q2Ioyz
danielsimmons,T$O6T7eH%5
kimberlyrobinson,!0SO6jLG1z
brianthomas,T$2n$IgmS2
fboyd,pj65XNVpd_
karlaevans,Mb0Sc7Jc+6
jessica40,1QJ9Bbqo!_
julie40,@*7K21niRH
floreskristi,+5af6ZooGy
millsjoshua,85jYLpaK$#
michellewebb,iQ)4mSuG$Q
qjones,z9OrI6@c%M
jessicarodriguez,U4zcjGR5*v
cporter,N2*bVXxf%6
greenleah,S3g*C3AF$w
brownkathleen,Hc1DSspRq^
davidrussell,(w_U&GrY#3
thomasdarlene,h^g7G4y%hD
mcdowellmary,$GVE5V^m88
egoodwin,&31RCmmydL
sydney86,u)0AjkeCwc
youngjennifer,EpZ6BT(x+V
melinda28,WL5T3aWw&3
jacob18,^RI8H)VqO@
william09,_pQSkRtag8
spatel,zu6DcsJ2$Y
ajordan,7NT!qgB%!c
freemanjulie,!J5nVXUy_0
sophia66,MyT5Ul(dD+
jeffreypierce,iob$LmZt_1
wesleyporter,_h25&qUd5e
pbowman,Gk2Xm!V^t(
alyssalong,62H03qCc%x
zachary64,7(RJ(zhg@!
alexander86,+6PF+z0Mr2
rweiss,$h!ZPtkde7
howellscott,z_&1MFoA**
turnercharles,1#96I2Egoe
johnsonlucas,c%%0fR@wx!
navarromichael,%l&3RPkjsF
vcastillo,4kUATki))e
jtanner,o9zFS&s5@P
paul91,Rjl7NOEm1+
juliazavala,%SG2Htle&l
amy30,Hq0DhpX4d&
mcleandaniel,M0AEFHlh)H
erin11,2I&1LjpAD0
rachelsantos,!w0U$$MxM5
luislopez,_r&HMDs8%3
vmiller,B$8mpCjdCo
lisa69,z5GC!lH%*J
andrea49,i@9rSv5k7Z
efrye,)c1Oc@i6N3
nicholas09,FI2BJZHh*o
jacob26,M@c9DyEtEm
santostony,)qdj6Mas@1
scott05,e8NE1Zt&+W
sarah03,#8UJJXZBDe
samantha99,4l#RnAOc+O
youngkathleen,l^6RJ^rz$(
carlsoncarolyn,Mf1A_Rxn$s
peckmichael,Q!0WoFfaXV
kevingomez,X9yxVTZd%I
mendozajessica,*4NE$Aie7U
currystephanie,R5H1T_Jj!$
alexander00,@3mSM(q**d
samanthaevans,hwEW4HpE(q
michaelbrady,+5ScHS75wm
nortonlarry,1tD@8CYn&4
morrispatrick,(#vZu*Btx2
wfrye,)hR4ZgQth2
john44,+OZHNh5N^7
wilsonanthony,H@9IVFOMud
christophersantiago,)u25SQkwkk
ryanhernandez,@2Zbr7wzyp
youngmichelle,a(tm9(SqYM
becky43,@h7FbS7NN7
brianjuarez,P6%L7T+t8r
richarddiaz,87(_hWQi!j
alexander15,OLlp0PSi@2
angela59,B1DJYu37#p
hawkinscurtis,p12RKQ%0!$
justinrice,I2XBxD0f&9
cervantesthomas,B+j8N5CyuZ
gregorymichelle,zfPx1V_k#0
leelisa,_5%2LqtmOK
joseph31,^HSGsmtd(1
alexanderscott,@^4DtXh7xb
kimberly95,7hXrsqTd^O
kristin25,Ef4ZYn+T1$
psilva,OjEL8I3v(0
vazquezbrandon,KR&d7QaAdc
jay95,E)3cWWWlZ4
jasonmeza,m*L649QvgS
david60,hoC6Fd2_W^
qmoran,)cktRU#j5s
powellpatricia,s%q1lXm%VG
nicholasflores,)%PI3fJqUy
rogersariana,G2i#Qhbg+2
michele12,xKM3)Bs@a@
ejohnson,v^4zfUmP^4
karen01,)DZ5huZo99
keithcervantes,tLT0$1Dbd#
theresathomas,$7^G*ORiLS
imendez,_GasDxy&E2
anthonykoch,TsfbMdnC)3
greencassandra,u)5SCZkS$f
nicolewright,)GCny%qr+3
molinadeborah,Gy)5Whoz0D
yscott,!+1lVuIe$p
joshualowe,X2eiT4QjH(
huntjoshua,k^&YU1B8El
gatesadam,)(6Qwt^KfY
perezbrandy,@jA3u$gB7c
timothynovak,@ho4O9dr$t
gfriedman,p5@U)OY!!G
yflowers,HnxemByq!0
woodardwendy,v!m8mHVpfs
glennmason,T8Ex4Udr@v
steven77,KpKVWCRh+8
harriskenneth,^o0^mYkb$t
lauren70,c_9Yed7Zrh
hartpeter,m0&I#vNo^p
markscott,KN5uxHi+#Z
johnhendricks,q9BIs8&M^u
foxaaron,$j(YNvf6y9
vmoore,nim7*wO2F%
gonzalezjason,^*9UmVXvQZ
lisa50,79H3QK#y!6
joseph16,n!1HryLhWD
wgrant,@TZ@6urIH2
ujones,Hi)I1hKp$Y
shawnsalazar,K4P_imdx)+
sanderson,4_!0UvHm$9
melanie07,XK(5RVmN&#
hwilliams,u9$c0Qmecq
piercedavid,((v$2Fhwa%
jessica33,z@eM0Z^m*t
watsonaustin,v^8hLqRPkV
riley54,t$az&9ZoBT
markbrandt,o4dI&2nq%g
scott09,!6bG7T_l%8
gtrujillo,(DTtRox&^8
angela40,bxsm9C7i#)
katie59,ch7Ci+Fg+0
dayjonathan,R4sSg26x@z
cdiaz,$m+9GA_q_4
bensonmichele,&3(!0VQVj%
pereztiffany,(PWFU_B_d3
wardwanda,Za03Lhc@i^
kimjames,@ttEz3HyI&
cadams,kaJ%1Epyle
donna64,s3xPoIOr^Z
murphytimothy,M4N#d4Ow5I
phillipsamanda,T5LU%s(v+2
colinhowell,#eLTMiwy@0
mjohnson,DU5zD*kms%
ymckee,X9jk8Yd7!B
danielhenry,_fTlfH!Dx9
roachjennifer,e8Dlo^3S)h
brenda92,R)v+7PuWV1
adamsbenjamin,!nKS2vRwc9
ksolomon,$6I*YDImL5
lhancock,*A+eXapdu0
fbailey,x2xKtlSP!d
pwilliams,xlD8JMlg)#
tmoore,W7CtVJ$k(t
bullockjames,+_fbJNWa+4
jessica43,q6Urh9vd&a
stonekristin,Um)iiNQx+0
josephjohnson,n$kK9YaU&4
tinawashington,^luByMtm4H
franklinnorma,(P!^J2nnk)
williamlewis,apiBU!rm_2
larry49,1&hyE)ux^d
davismichael,$fvH_fmV6b
zchoi,(LjsNwhKX8
coreybush,xsp&+CpB+0
sabrina65,8$5d5eqk7M
austingraham,+7542NZkjX
ssimpson,J)yg3Xww2u
hillronald,!@K0B5^fx1
gibbswayne,F$1_aYihMz
haleymorse,+9X5jj&8J#
dorothy72,ez&K7Csx+*
christianmatthew,jt65m6Xx_!
david39,^&V$KgvR10
howard72,%x_j+4Iu1B
psharp,E!6#cYuAe5
jonathanwatson,A@3tVvW30f
diazdenise,_sV)6ANyPr
campbellsteven,*U+04Jc!Zv
qatkinson,T%9N_eRdxr
michelle07,*_h899ObYI
nday,m!PHd0m#$6
holmesmark,@+E9KywLg@
eayers,q7Ij_HOr*8
shannonrichardson,$uG#fXoEq5
bradleywalsh,@1bNSNPtp!
fernandovillarreal,)*kMcN*Tm0
alvin38,b2WXn#qQ(D
kellylewis,!u7$x)If$t
faulknereric,U48CF(a^$2
rachel52,C^@5#vQuV0
michaelgriffin,2BIOe42y$o
nicole58,@7wTG41jtB
lhernandez,D!9NyAB!8k
glucas,&v1$yGvwB*
omcgee,XC_TZ4wa+@
wcrosby,k&)2mPVu8K
fritzkathleen,!n0FcMtp0u
ewalker,519%FBkd^z
oglenn,0Dw26RXuh^
rileyraymond,#!0AbYA7hQ
ymccall,lBZ^j25xA^
jlopez,k*%5)TTgQB
kinggregg,&m#s9R1k$!
vasquezpatricia,B#SD9*FyWg
josephwilson,++2QhayWYN
robert41,!H2_72LyFp
jon75,!y@hN9KxgO
douglasreed,(jgB^RJFW3
irodriguez,hnQ3Uq8Z$%
michelle79,@9eaEJygTB
qlynch,xkkY09PsC)
pmyers,^3lhSFFars
ocampbell,4%2uFRBi9R
lloydjacob,B8+qj@ea&a
dhawkins,wvJ3Qps@!B
sarah79,w11pZWx0%u
cynthiabrown,5zWT%isN$&
mmorgan,g7G)rMeW))
roy83,4iwZK6xc^z
jherrera,^jBL_*Je1N
kimberlychandler,)FsLEvbo17
obrienronald,P71Xx%1x()
parkerjoyce,ue%0EnZvYc
nicholsonmanuel,1A95EDTr$Y
samantha08,#4M5*xLu9_
shane55,*#02Ahel11
galvarez,(O@7A(Mu&Y
warnerjason,jO)(0Fek2_
hillaaron,*iRsfRuZY7
zgomez,$pMZTki^O5
alicia84,GKvSpnqQ*9
johnsonbrent,28Rxr&Xa+J
shawashley,(3*8yMXvC(
dmoore,3WnSzxo&_#
fsalazar,@%9LUMDz$h
nwilliams,*buY5LgPhi
theresabray,sI_ZB3d#@%
rogerslauren,ahTK)3IxsJ
wchapman,(4ZKTt4&kv
kellysandra,&0appBom*2
tmorris,7GUzk%2f&h
ricky54,$Wp1t4HqqY
carrillocarl,Y+3MSTCt+1
johnsonricardo,(*98uyEwBv
billyibarra,B+9aUxN1LD
jose56,y0^fMMuB_d
mjohnson,b!I4YCjPmB
dustin56,W*5UG$Iu%(
samuel98,cjujMQIq#5
smithjonathan,SmBx3Wle*A
tannermary,)BbQ9ic($8
ureed,x8@A0WSf!j
ocook,D)2XA+Uz*h
martineztracy,V&G9Jbcehk
thomasjacob,iA2I3nmt%m
ncollins,W883RGej#W
caldwellluis,cA)L0i3l9!
wcohen,*lGXH#Qt0O
vlevy,s#D%0Eepw6
hcopeland,(3!r#D*zcc
kaitlyn16,#3Xu3PC5p)
tara35,)bwJ8SA&A1
wilsonwillie,9N&0WbCr(a
ruthclark,^TdVarR$5C
wwillis,r0wMYef#%t
ynorman,z@31Q@lk^k
kristahiggins,&)Khfmh(L3
ldean,8uYF(nZ$@)
whitneyerin,C%4vIgG2N4
washingtonbrandi,DSWk@9Ok6r
kathleensanchez,fqdLyana+1
jonesdennis,M(3VHgBr$6
karaballard,)A2N1!kD)&
tony22,a9LZ@cl$#D
cmassey,6M+dyUq3%R
pbrown,HC8ZPD(w3&
mary81,7z%SvNdc!5
nicholasmedina,9&RT2#YtOi
brad29,&3LuGz!LZ0
tkeller,1KZ5SXId*R
powersrebecca,+%5MMvLPwd
amanda60,+CK8Aj3y9q
lblair,!8dz3RyQsE
mendozaandres,6)2#Biq%x3
paul53,YOkU%fnD(0
taravazquez,nO9iK4Pmh%
emily17,vsAZegZU*1
hudsonwilliam,t6jIl#pb#r
james97,jDQFDU*I(4
kevin72,0@6vKcHkZ+
edwardssusan,WzOql3SD&4
colleen32,OMAg8Lvx!9
michellehenderson,)1CMa#brI3
franksmith,NjSYLWiL%4
davistodd,)c_OqPyl3P
raymond16,+uO7tRYoGh
osbornkatherine,)q7sYCtMd8
brent80,sK(74Ki)^P
taylorcampos,)jAa5Wen_8
heather00,84MEekN$#o
melissaerickson,c8IaN#G@@b
johnsonsherry,m#6q0AvkGX
johnsonmason,7ke8JOmbz+
ajohnson,_aFjTuCv72
villamark,4b#9UDeX(m
josemartinez,Q_6zd2SeN*
hallgloria,i^7(&Muht)
hamiltonmichael,g98OEubwK)
snydercole,Dsu0A))bi(
davisjohn,Rg%3pJpd9_
kmoore,!vJJ4p2Qc9
gomezmichael,)9qD5XE2cl
iguerrero,y2ZBzxmb@w
roy64,*92WuoH+R7
hughesaaron,t(0ZF1xaqj
ivanwebster,*5uoA&jGur
mallory42,8(68nfFiJ+
brittanywilson,#&9XemQymj
bethany35,z#2!aPSs)0
brownmalik,c$O7IlPY+f
schroederdawn,^m+4LArtFM
carol45,tjNmrp@#&4
jonhamilton,^0B+gK2np^
kristiyoung,c6Ct3$OxB!
jamesteresa,^!HjahMwG0
josetorres,#*30WJFmsF
elizabetharmstrong,@L16GneGn1
ymoyer,$%2jhEze+d
morrispatrick,^gIj4Z4s8V
frankbrady,_2pO9lyAVn
krystalsmith,*WHHrPBt7m
davispatrick,(@h33CWxVJ
ksmith,J1V6WegAA@
jeffreygoodwin,Aj(M54Og#c
jamieswanson,Jt5AN$LXD#
dawnhinton,eY7Vx9ziV)
rdaniels,uU4SN_ps&c
willie91,9G2wU@Rr#N
fmonroe,c_d4WEMaYt
hernandezmichael,_a39Cwko!x
connorsimpson,mS3$7S$y$*
kathrynscott,xfK1bP@W@2
tonya74,(tnhJ35tf2
jchavez,@@d92CNdvV
thomas13,_^&0YztCvu
mcphersonjohn,+VGCMyoRE6
gallegosrobert,(NFQEj+q_3
keith46,^U4KrAJCXV
wallskara,EPGY7G#ub%
korr,(1QfyIqUyQ
marissaford,Q!5C%z4+wS
melissagillespie,(K_9S!1n%3
greenbryan,I$4ZXeLQuG
scottfloyd,(o4TqAXs%%
rpayne,!7X@@IwrMq
newmanjeffrey,^5&$4IMj$(
crystal38,_(3ISvgYw)
ehoover,6btYp%47%5
ashleyroberts,vX3QoQbEt&
michael39,^9TjecM)g%
timothyjenkins,PD^d2Yg@1C
carrjoseph,QXcf9Orf%D
joshuacantrell,Pe2+WzsF#4
heather10,)Y)C)9Oj4)
fryjill,2z8LSYPpq+
mmoore,3mPrQqiK*R
brandon40,(hH@oOrLt8
srichardson,_uz7T$RcHh
ana04,(25p4aQp$A
olsonryan,^6e!bSObO*
eric83,(5SuNjDyib
wallen,9p)P5ZbvWQ
sanchezamy,Mj&Tv2BY%3
chambersvictoria,+ai)#3Ynul
acastillo,^9KYh)mMBN
chelseyhenderson,d7J!2Wap*Q
hughesanne,3f#CSGWe*J
ppalmer,%89g2ThHM@
olsondesiree,&9@CsH#hfJ
dalexander,Zqu0N+Zr$^
wadams,JY_97ZUeTI
hgarner,YC*u4IMsbI
perryamy,&6Xyao&oV!
ohogan,*LWkoPTrw7
mooredaniel,!2I0(ShkrQ
bridgetfuentes,_%pQpq^o6_
donnaperry,$9T#GoLF&x
wgrant,4aZG$qjU)8
brian81,CcLAU0Gq+!
williamfletcher,xxI8WNze+$
oscar82,S$47MPjo2b
michele84,OTJ64Qa%P(
pjones,Ej!(3Twt&x
craig65,83TMi0Wl%(
owhite,j7HA3Zt7(w
jenniferyoung,N9FUSvhg$W
curtisalexander,D6pRFMbq^8
christina93,75ChrIF1_%
katherine34,L1egDmk#%R
lambertjeffrey,q1BLUyvi%4
andersonstephanie,8N$Q#HMs@w
tbeck,%*W4Uvl*W5
wbennett,ts11BIAsd+
wallaceandrea,051NXu#w%)
fowens,#a3Q5IQku^
dustin61,ygA+*NXi)1
michael24,I5(QPa7z+_
donaldsonerin,O0RhMc2x$P
lsmith,+j4fLNm9r!
manuel91,L)9XXpf8!8
yrobinson,vQvH%LWq@9
bjohnson,k)1U^lqm%%
arielbryant,#(5IopN%)b
charlesgalvan,^OF23QRbFd
clarkeeric,@Z_v4UX3k6
xmorgan,_DS)3T9n+4
regina44,^k9Y6Pb@3H
acampbell,7e2V8M6F#g
wsanchez,+M8TKXl^&4
wrightjohn,)3UgfEhwfP
morrisamy,%FCl*kkg22
matthew09,)!2DO$6#Sh
regina66,9H+38)Oq8%
youngjacob,wYEV3BksC!
stevensgregg,m2iRpEyv)Q
phillipmichael,2@94WfYxH^
arthurdelgado,pi7Qbznr+0
lopezbrandon,Qk(i1Pai$1
hturner,+8N76$Bz)t
annmccann,3$BmqEpO#y
schroedersherry,$au%PBufS1
robertmyers,5MSY*kyb#y
ariel45,z53I*1Eu5&
davidhudson,*9OLoSrA!j
ryanmunoz,!3Kk@&XgQ1
michael51,%6dyQ#QliE
framos,Zkf6mPayM_
bperez,pFAE3Bgh!7
bushmelanie,@^Ai3XAnOJ
kristen69,&3fC#eoi$i
victorkelly,_RJx&vX300
ejones,@#*0_TGo7_
gordonwilliam,_2F(EmM#mF
ustewart,XGvF3@evW)
christopherjohnson,)tko8LgP!H
smithashley,$iJH3RRp59
franklinkelly,f0(WtX+i#_
xelliott,(0UCSnaT&L
rgriffin,+3%O&*56nH
megan86,_5J0kf2Jqs
youngapril,VVx5AneN#d
meganfisher,yE*7VVdbyS
tayloranderson,(7Fy4GwkuU
brewernicholas,YnUk74Bm$@
annawilliams,X+wf&3En*#
johnbriggs,89$D1q0w@2
susanbrowning,!619Vccim_
watkinssamuel,+mI6WMPJv+
trevoryoung,5YQbd^*z*H
butlermichael,5*As26owmY
garciamegan,*SMaemZDf2
ksmith,M)4j6TAPam
shermanjustin,*yMzYb!)&1
cchambers,#NdF_QlW1f
stefanie78,*Dd7YtM4g1
tdiaz,R!+6&MKuew
corey61,$TMABq!iQ2
jcarson,fZX2+#myU#
shannonbuck,@DoLRdRHs2
weberkimberly,@1WUsrrs1J
jasonmartinez,@@YeD*YzD3
msalazar,@3g7Y4qc)S
martinjames,K4KCXgdy&1
karenbell,$mNmfMd%A7
davidbeltran,_JKFBlcg8&
thomasbenson,bl6uHzZk*0
ghogan,2JX8JpWZ%y
dparker,H2+M78VoJ)
vanessajoseph,m0(WMiny#4
dylan02,q(&V9Oga+2
courtneynicholson,0xY85O6lH*
freemanlinda,e7A+Y^dZ%k
allison44,Z$7RH1Wix%
pagealicia,^58QY&gxdK
heathnicholas,ki_19JQyzc
mejiajoshua,#3_OsUydKw
kaylaclark,w0D8pwnT#b
atkinsjoanne,zYHGADz7&4
hmejia,xq41nbHuQ&
lyonsbreanna,vyGVX!Bh(9
kleinsarah,LBv94VjM+$
rlopez,IwBbXEEl^8
kristy43,@6QoQsEv+B
stevenandersen,@7GJ_nzyAj
michaela96,%8Pom@k2+9
josephmichael,CKd2Rbmz^^
gilbertbrian,#b8Q(fSuu#
brett06,(p8F5@gh$#
kathryntodd,)!3aIKJjB$
wesley96,!UHAEoXc78
lauren18,828EIvO$1&
owhite,0U208^Fx8*
howardjames,l8WODoN7#F
katrina65,+9yAEq4EhO
lancecardenas,_0NpV0Jo+i
rmann,$8iWo6hbzN
murphydaniel,fs^ID9Nh*N
kellyanderson,qTve3Yck*6
tracy30,nu2vTGbi)@
amanda37,@2W9%8icQa
alvarezmark,_d@QRwA)w0
mross,ey(4BtJC9_
swilliams,Iix7Sj*W!u
christophervelazquez,%2G*5YhIJJ
leslieclark,$3QmDrEpU0
megan04,t8YC0_Ie^_
tvasquez,k()2M90jB+
jill24,&TthQJ*rY4
tbond,(d4YC(Ve6T
edwardsolivia,!#4Nj+*sNA
juliasalazar,Rz2J^S)w!e
billy07,)6VWb2Ca3r
coxyvonne,!w2YY#OqQZ
lindsaymartinez,_tZq14Lv2U
wilsonpaul,c+b*0AKh$T
wallacedavid,U+6*NtpX5l
daniel22,@+GED6Xl45
veronica83,M$&1O#*r78
ashley72,o*w3Hlb#dy
ericaclark,N2APIcuE!A
michael16,^%4PN!pLXi
gonzalezjason,y63GtEX&*T
markmartin,pW*1yQBo7b
markward,I%syM4Yux6
jonesandrea,_@r0#Ss9M8
floydcaroline,+7PqZIixaS
elizabeth37,re24bjLoW(
tylertravis,ykq4Pdkfg+
logan51,G9Q%H1Ba)G
autumnmatthews,+uEX7N$t8%
lwright,K!23X%Bb!K
mendozaisabel,1sTWqKpj!d
sscott,^h7C^)zP9Q
tarastewart,$vz3yTAU0x
dmaldonado,*+oF(pDh99
carterdavid,06Zd@1TmbS
zmercer,8A8Qc8lX_x
stephenswilliam,9QT12UoX)s
steventorres,($405M@f7f
clarkyvette,Ye+4EKqxBg
zwood,@hRYOU_9d1
sampsonjames,_%9PpucS$Q
popemichelle,^RLALGfB37
jennifertorres,BrPM*P3z@4
edward94,!&FLPfo&(0
navarrocynthia,8mhhFJd8(n
michael64,8*14zIrqJf
tylersalinas,+%ORBD$sH2
manuelwalker,+5Fhr+IZBG
johnwarner,&3Egdzs&6L
ghartman,@M7AOe(ZER
fullerjennifer,F7Iahno*(J
donovanpatricia,k8)LYJg5!3
enolan,(j@4i7GmR7
harrisbethany,bV(R3Cob^t
bbridges,uk2XYMvF#k
gregorywinters,&7oaeqLn0b
bullockcody,$RJSMg+K58
lisa05,_5#1rXxcZe
zmurphy,O2w*YLv8*r
deborah31,oS6GpzPwu*
shannonmarks,)O4R&6Dcj*
fnelson,AMP((2xgj+
johncarter,+2s(M@5qQf
harrisonstephen,@tjCWD+0s8
gailbryant,gdPpFQ&@+3
kristinasoto,b$0t_mSe1V
mejiachristopher,+q1@KNuvJ@
sherry53,9(X6xvLn(@
kelly80,AGJB0T3kH$
russelldakota,!v$8Oj#t3Y
grayvictor,+4AZt+JOqS
meganrichardson,&PVfugeFp4
qmiller,%D3xEZb%9+
andreamolina,EI3%*I2r*c
shannon73,n1w%WHr9*y
gregorysmith,&0@oFYygyH
jenniferfischer,^KMzjObAo5
gjohnson,o&n7K1IktD
oleach,%hC&iRE2P2
kimberly72,DS^tg!La%1
mary98,$21wXIYxoh
vherrera,n9I7WkMh(*
christinesheppard,G_)3LImkF6
rhonda18,BlP7(FfuL*
stephanie09,Flm79!Sa4*
wagnermichael,I9MkM#0d_g
josecraig,_$9mUwBvWr
perezkim,9g+EE(^w#5
rparker,$7WV6PbCGc
hutchinsonmichael,*iUaYJz)O3
cherryjesse,^2U(j6Vzpa
stephaniecarrillo,)_50AOd(4t
joanna78,R$H6sKexbC
lisa93,u^2esNk_N#
johnsonrobin,^cyCFBtC2S
calvincopeland,sJ8KWkZjd(
traceyrogers,_23zYy(eXf
wilcoxdaniel,lxwyS5QP#2
alexis77,V2+1iFgn(C
alvarezerin,XX+4Yb)4S%
atkinsonnicole,x6+1Ng0h%Y
hernandezcarolyn,!vIvc$7Xs2
david43,%pJg#oCYW0
boyerfrank,iP5Dz^#p(!
marcayala,KCG18SXea_
rebecca29,4eP0DRP#K&
zwatkins,M20NZ^jP+9
jacobryan,x68yHR^c_%
gcox,z3!ZFfvP#t
davidfritz,@a7Fxh*nsW
cory38,)rlEJZ#m7M
melissa79,&jXfNUaph8
grahamkelly,+6@!8nDtlN
olivermaria,*DkmJdqep8
lhenson,%q&WT+pm8*
ryanbuck,(5+6ZsDjdW
floresrobin,$y1AuMrB2a
vscott,_P0JVmnB^E
nguyenchristine,Qesm8PR+S%
keith32,cXZ3E52xU$
haydenchristina,b7@7WJ)W!7
davidcampbell,@2QK(uJwr2
stephen16,$)N9(em!4e
justinjenkins,Tk^eh4BjaX
matthew22,#Sz3Qh+CFC
mphillips,941JUz)j*O
jasonbarnes,_r4RQ$dzgm
patricia85,Hq0Ho3usv$
yrandall,n6#7Uboq#K
cooknancy,^_)3hxTtp3
egross,+biKd6T%w0
csimpson,f90GI9fr(0
longray,@48HMDw%Mm
williamsrobert,iW9ICeaBD!
adam63,l%0r$YKbIa
nelsondrew,(dXz$Xuy6h
sharonburton,j&F7+X*c1q
nathanmoss,&&7@qWpt@E
shanefreeman,yW+61RKr1*
david48,uWK7ZrbM)%
audrey93,$jx5TQni%t
jessica18,s6@iAqLjX&
rodriguezmichael,)PVc9LqX0U
rachelhernandez,#3429E+!gq
ywells,_1%TZYJkC!
taylormccarthy,!!t(4BbKyP
mitchellbrian,J!h5QFaz+K
qmcfarland,x4!D_ZpV@s
loveluis,oI66hFfq_p
martinjulie,3_9HG(JrxO
itorres,(yeLS#U@s6
cwatkins,jEG^#9WlRC
keithhernandez,+_t#+Vlcn2
margaret86,D(394PcSy+
maciaspaul,@nUNVUyd)9
bryan30,+nAFUY%Z&9
bortiz,+8i8Ac%wi3
andrea55,$aNkRQM2Z9
terrellthomas,15+7MDmr1W
bianca76,@b2HZkA61^
jacquelineross,7&&GwTeu#T
kempgregory,(21o^2Vi(F
traceygoodwin,LE4DHSvyA^
littlesharon,J7YBBdus!h
michaelduffy,%5UK^bps1@
chad63,c!h^9Pp2Bo
lmunoz,@gViJnD@01
heather17,+nqEtPmqE6
fisherchristian,cq^4e8K4*9
ryanshannon,5w0YKsfg@9
ycarrillo,3e(6rLqv!3
dsanchez,2C!KsQKb^B
brianrangel,&mPShJ^sU0
haynesjudith,QN3!DEZx*6
kanderson,@Av2XAgXl5
acostabrittany,)9p0WZiFK@
cassandrabryan,)4^TCbCoGD
thomaschristian,D^T709AWMl
chasedylan,*B49f4GgIn
wardbradley,z9JPsnHH+1
qjackson,Let1RWHn!A
tferguson,qg$8K5hdee
rosetodd,$3NSPs3abc
paige15,nD(l8XsaOa
hrichardson,&!6%FyQ$@b
michael66,419NpZwo&A
danielskatrina,bMS6Ej5Z#@
gibsonsandra,341dDbJy%3
dianakaiser,%#5!xXKo*d
gonzalezdanielle,*h6KcHibe^
mary51,0(*X7+KgEw
ashleycraig,!F2jM&aee#
jason82,@dfSTcCzi4
gregory49,PVkI7vgLG%
ashley78,(6COXmXfQ1
edwardsalexander,T36WdG5m+@
cfriedman,jmoKDO1s#6
walkermark,_eGrJezc7u
heatherenglish,hj1b5RkmU+
randy48,6%G30iRpVM
matthew61,B6VQPDWl^P
wwilson,^mSmCLRQ0u
brandy56,!lENI%oi)8
erin03,FM_7NFcaRN
ericmiller,5J8$pJcd*Z
michael16,@0LHo!gv57
vramos,#Ido2Fx3S4
ngarcia,%6TLtgQOzj
ajohns,r6rS+0CuMt
jonesdenise,J8n5e7O8$k
tfernandez,p3M6ElTt^!
anthonyhernandez,$e&vZ0LmsQ
lindsayallen,@+5XqHj*+D
nathanbuck,$9LVqXhb2a
fdavis,R#_l3gMx%_
nguyenmatthew,n8H*hJpu_s
shelby28,tzX8AHmj)Y
mking,%Ys8XI1sxf
ballgary,+P$_YlKDc6
johnstonconnie,&2$hNjzv7&
matthewsmith,^w)W+8QnzR
dcarrillo,#lYgOV#Cw5
zsharp,!xPOh1ih#9
bbailey,5c0Lp13@3+
conleytina,4IFIy5bh%4
qbrown,M&96uCbHSo
torrescassandra,G@@1Y_rL7!
mcdanieldanielle,C(@Z!1Ai8p
sandygreer,KJ_E60Gyd!
martinezjessica,#rMeq*Ai2W
butlerandrew,dhG)uk^S^1
woodwardalison,#c8EoJr$Yr
hebertwilliam,b0H6LLOo#e
melissa07,r%r7bzFaT3
mikaylaclark,Z&dwUV9v*8
tiffanywalker,Qv9$NKFz!i
joanduncan,chgt&8Rl*+
smay,_9BxQEzYZO
griffinsandy,^#UYIz8u1V
ann79,S$ZN3V(w&w
jasonbryant,@CWkeYta@9
jermaine54,#^7w8rUt_H
nelsonmelanie,6m5+R3w$$m
jeffreysmith,cC2)Sfv8A&
joshua65,+h_2BKwpZa
tonya53,z4Gqle$$^5
melaniecampbell,65k4^AUa)e
jodijackson,*M7NCHRfX_
andrewmendoza,eR34Zf%o4(
mbauer,AD9YJbOtE%
wrighttracey,%o7SbJ)Fu%
roy15,s*$t5L2hRq
kimberly11,ASIjZYkr_4
johnkramer,@sNDKk%8U0
ewilliams,&H7ByorBJ%
kenneth83,aZpQ6nRq$Q
watsoncurtis,%8UfpFpsD#
nathanmurphy,%59UoNd^h5
michellechen,w@60iIDe10
murphyhannah,$Sb!FEtpd1
hpetersen,ku3Slni7E%
trevor09,@e2fP^Im3u
brian63,%7x(kKcW7(
sawyerjim,lY4R5aBx%$
brianna88,u0NfVm%P^0
patriciaclark,)zY7s4Rr^X
melissa74,j*YlJabx^3
singhcourtney,H(5KH8_c!r
dorisjones,y%3^KKe@4o
browntyler,h8eAE2Zi)a
lreynolds,%hZqK1WDr1
andreawagner,j+*d9KxlGL
adrian22,%X7$RKMse$
swilson,!+7JINiTz0
garciasherri,P*9qPbqvsC
xhall,17JM6P8Y&j
erikmorrison,U22IpO@c&a
kiaramatthews,aV4i4AWb*#
ericmaxwell,^5K)PCFtVX
vegajane,r0F4sdm_%r
crystal65,_xDeOT)MZ3
nicholas35,*TcYZ2peN1
michael52,$ZPPgjn^%7
jamie11,tJ5ELzui!h
michele32,#4GtqQ2qr^
mroberts,cuKg2*Ia2@
allison47,)6d&Gv1_Q2
johnsonrachel,n8)ZH1$o_8
ogeorge,n4Gy7DWto^
tracy68,#U+$5NAbj9
carrieclark,@Sw3@LFpNP
dixonnorman,(0DqLqLbNv
ewhite,0)1UdRjIIl
qwoodard,_(3M_MdPz^
reedtyler,+2pDp8radU
ashley13,%zIgX6wm1x
jmoore,91+So6!p&P
pamela79,1RNRCGok*f
rachelyoung,A9OnJVpg^J
joseph97,j$(9r+Wa@^
carmen93,@7l1GUdSns
sarah14,g4O4LbMH@n
holmesdarrell,@5V3RuS*B)
michaelacevedo,&2W!VS9Bk0
robert54,vjW3RquH+3
katrina73,@lDVb0Ek65
acevedoamy,$+p9OG5n^W
tonyahayes,44j4NyDu+(
hannahrogers,m+6EGKvCK1
erin03,hE$7T3YllC
brianfreeman,_4j#VaWvtj
williamsebony,@d&1keFy^#
jacobwiggins,b8OY5$f9_r
pdaugherty,JQ0_pWIa#e
xcantu,+)UKj2Yq15
kwhite,GI0@t7Dw#5
raykennedy,Z@79JvqkDD
lfloyd,^436KZz5am
joanne62,kYH&3A@orb
amandawhite,3xuWGPej*T
nnewman,q!9Ew99zft
laurenandersen,P_u2JdxP9N
jenniferstewart,bkGoPpM$^0
andrewhorton,*kFlKlQw37
timothymorales,77IcvjUs@d
ericshepherd,%67I5fen#3
fjohnson,T11xPnpi#v
carolyn97,)aboLVr(N1
suzanne95,F^410Ghqu(
vriley,%+Q5Zx_vI1
jhall,zE3Pkd%f&L
rebekah62,)3BNbAQxws
dpaul,ma1Bqaro&J
lisa29,*I1ISbcA+M
paul48,&)cF0Yqi2G
ubeck,o_bLH2jfpZ
james34,v#wNl(FH_2
robinsonpatricia,!NRyWvapM2
scott35,#4ruRMDb^^
qrogers,0mRcRt9q+M
madisonstevenson,uI(t9BWa8L
dtaylor,%Ya2JO5sjq
joseph42,T@kT4i)eEZ
jeffreycraig,@(Uop4Ypjl
austin03,X*0!bZhwjk
jonesmatthew,#vQ$hq!qn3
buckclaire,wYH)8JPd$s
cooperjennifer,94*n3GdE%m
brianaallen,OG7BMjB8^2
terrencetaylor,))5Cxc0hKO
sscott,Wh(p1JzEbw
yhopkins,)lBKgNu3)0
sandra66,__)bR3Z4u1
karaholmes,vtS7Ktl9+&
howard70,@6CYa0x#Qo
morenochelsea,%7SoQtwphq
bpeterson,)QJ#n5Sc0!
padillajackson,UGu%8IIu)D
dennis16,1!LU99rl__
mindy03,3A1wHMz_R)
megan05,)b7XtTrOjl
fevans,9TsTUYvS)T
andrewyates,re%2M5c$Km
katherinemosley,K320bOnx3#
hsoto,U%CCTFP5nb
vanderson,XI5yC0mrD%
stewartnicholas,V#W7%Crlfm
xmorgan,+Uj2VLed4y
blankenshipashley,*47Xgg9%Pm
stacy38,W6fTrcJT$S
natashanguyen,!58#H32qoQ
andrelittle,k^VuWojH_0
jenna56,Z)2HCoHb^9
atorres,K!v0QCCm1P
davidmelton,!9tt1UPg3z
tammysmith,7Wd*7^MnoX
ricardo22,45GsAMvw+1
cayers,$M2I_gqi6(
nicoleryan,4AN7S0(v@k
nancylopez,$9fLUf2V@p
leeanna,!XB&9IdIXa
marquezjustin,RX29T8mO_6
youngdustin,c$8v_10ifU
powersrobert,IrUNZDdM$7
amy46,%wYIjWkwr0
hwright,66TPkQyw+2
wmartin,)$TuRr8S(5
gjohnson,F%_F5dXyB_
ycole,k(_49Nkwh@
veronicagonzales,a+0T2wMIug
smithdonna,T3lKZC_t*1
fsparks,$FkCtrau(5
raymond72,e#(5uFBaMH
lucasmelanie,DSo1+S*g!z
dstanley,&oR*gUNz11
andrelawson,#@36QqDA1+
jolson,7RQ3Dyut#@
marksmith,j+m3*bey9E
timothy01,(3Xxqls032
kempharold,n4fD0zpz@a
david98,XnIi2GVrP(
michellegillespie,&rW&_2Nhhj
matthewbass,b)0eR4u@_z
cookangela,1yDTSYob)G
caseronald,Jh@s8Q#QS&
brandibrown,38PYm1r6_W
wyoung,37&EHKGl+&
johnedwards,C$5ZbZB02k
jessica25,%KZJA^ga@3
angieellis,+5FI7MMCx2
jacksonwendy,*1AM#PpdIZ
littlemichael,$#5)JENv7*
garrisonstephanie,#u33hUFuP)
nicholssherry,m59Jw9qTi(
adamsandoval,^NGdzdd%_7
kcooper,mi!KM9Rr9N
brianlewis,_Z4g7GTst)
ortizchristine,!vHn3dI#6F
tvalenzuela,^9bSzG*d_p
bramirez,q+(0VYo&l#
elizabeth25,#FA6Vm4NX6
renee66,HI5JHhIy)N
evansconnie,zwkb5B%s*U
simpsonvincent,)l3b8NSxe)
jhansen,5$6V(6Bg^I
martineztravis,^W1VlNn^88
jsalas,$^#T^%Zr8&
clarkjennifer,@8pDTAEb78
williamsdouglas,*DUT1&Bp#c
shaneadams,d35sTcPwd!
larrypalmer,^vy)D2#xB9
timothy02,$9fDrFh&5_
francisco27,$g2ZRnrghQ
morgandavis,s7%05iGlaM
markjohnson,(D0nYmdMo%
allenmiguel,3VlEy7Fn%l
leonardkey,9rni44Kiv)
patricia95,0&(v0tPwOy
tadams,YuO8x0KM5&
teresa11,)(P3qasxd9
dbrewer,*E!O4zXowd
williamsjennifer,l9C_A03b(b
atkinsonmary,#j#2aIsg&d
wbennett,Lt0ZGl8Ia(
danaallen,brVUbvAa+3
petersmelissa,T4LPiBzM(0
penny32,iOSiwuOs!8
othornton,&)wX9ZoKx%
jasonsmith,q%Pzd4CEen
caleb51,xHuF7o9o9^
shannon49,#0nhwxUq+Z
wallacerebecca,WfuVXkab%6
ricelinda,0xwKRH%q+n
karablackburn,FW3+JPcv(L
jonesjason,NjmWkH*S%4
michael85,%fUF#8Auq8
dakotasellers,nZ0ZvrAy#(
hillcarol,)C1MeJjiE^
cooleyjoshua,i5JpYHCt*v
morrismichael,+bjE2LEq^a
jessica40,#0XS3Fr4qe
peter86,fO+T8X)%)8
nmoore,$_Rt4+Tq3*
laura96,+eKgPHry4)
william13,*M0UAsnbv+
emilynoble,!HAlDATt6#
georgemorales,#4UQE@vf&7
markjohnson,^k$WDbHO2e
kristinabrown,a@n84yfvcF
tracy48,)2SO%zTu@k
nicholasrichardson,^3eL#8onn9
rwyatt,$j1E6pptJ$
stacypatel,^uSDOLbp4z
mwise,Z_6r)GIk$C
tamara11,w_GQ49cuLC
taylor49,)eI0QZtR@X
michael94,JK9uvIGj+q
schmidthailey,(ND4QIc8b0
joseph32,02Z(TIuj_t
adrianaschneider,#3BvHm3N@n
cynthia83,m%BB77Hd0r
normanchristine,!S4EVo_g6q
heathermoore,tm3T%jz($f
davidsoncheryl,(vCTj^IvG5
guyholt,pu4+S@Qn)9
wesley57,s+9+0E9fZU
glewis,rh5aN+f4#l
zbutler,)6zPXswo#d
johnsonchristopher,*p9PN$pud0
edwardsmichelle,_Y#)2(Attw
castroregina,1a2@Spj7p_
daltonkathryn,!0Wr7tMuQS
emmabanks,*E9BqJm*P*
clifford97,0BENjGLr(6
jennifer58,v2cG)iRN+X
justinbrown,$J7E^t8_L8
tbradley,S3&jF^u0_n
christyblake,(mR4oDgkzd
mahoneyedward,#RDpSTTJp8
gmora,#cOqupTW8!
katherine56,$TubD2)ex@
russellariel,H#s6yR1rvt
jesse31,5gT6bRLt(l
scott97,(F4FCbeZ*n
garciaalicia,o&W3A@HlfU
hoconnor,tm_2EM+lWJ
dbrown,8xmVPRlx*6
nicholas74,1xyf)X9u^T
gibsonkyle,+&8816Dj0J
elizabeth35,EM%Y_s7((8
charles36,Svz8OMxc(R
jamesfox,npT5wHihw%
wvaldez,!ihOJVdzR1
brent68,2kcVaNgR@v
blairjared,@8GYg^@Uge
angelabailey,(TMih0RbTE
johnny19,AM$1iBn6Xs
asmith,&14iBDYy%%
yguzman,I7GdNWip*e
zglover,#A4nEjRiiN
mcculloughstacey,+1LzWeaj_5
storres,qmlF0Xzz)O
patricia78,!VJjNiR53p
cindymurray,#P8^fG$h6D
michellejohnson,+7QsE%+Hnz
joel02,*EcRr@7q!4
oliverkatelyn,_S3E64uUmF
williamkemp,#bObyuyd&1
amanda28,k#!v6qStKI
bernardsampson,b3$WudZg$i
stephentaylor,j2MFevj^(8
ybrown,Zn8NtQf*!O
mark05,%MUhB+hg5T
lisa91,+lO7hTqr^n
ithompson,Yh06@rSs@r
karenolson,fa5ufFtU&C
caleb56,&#0YMxG9Ud
brooke27,i$7@(Sn$ri
welchamanda,)mp4BvaHY_
christine00,(CMPX9*mj5
morganmegan,F4bKpial!e
zbarton,YR+3$QGr2E
michael90,va*%3CWzGy
amy31,+w9mT)kTvI
lucasashley,(!!2S!aFrr
shanejacobs,AC8I#U3l@_
rmueller,(IX(9mX_3D
sheila32,C(FJ$oSh(4
christina31,pJW2iDg3Z^
wheelernicholas,H65@N2sM#z
bpeterson,@lPOgQHb+3
savannah37,q5SdKuBbx^
hcooper,#LG6IX_e@2
kmorse,VT$88VgD&_
stephanie36,50nn6DaxQ#
tannerschneider,&6G*6BSp9K
lindseymarshall,&sSYRfjZV0
everettmichael,9XDPgAEf&)
pramirez,!%Ldzk+eV3
jeremy94,$_U6P&frXr
desireeroy,cu51Iqbzp&
sjackson,n!0Hdr(3Oo
brian79,$dUU2mMyhO
etaylor,$93X!U^n1t
alyssa87,#55R)Awe1P
mberry,$3QBgrgxMo
kellyjerry,%Vx&7Fb8y7
vrice,&3NBS8nmn5
billyweaver,14ZuhtHe_6
melissa97,n#N6KTZxq^
smithfrank,#jo9FQBa(j
steven68,U_VS5rQo(l
leetracy,a*zV16Bq2%
batessteven,Gz&K!0UdJc
halemichael,%$AuQpBBt9
kmorton,0emGgYV!_0
ldunlap,&)fCtnx98A
msmith,$yrDFrx4o2
amythompson,L@PWGcT^+7
mitchelladam,^j&4U2fe)(
sbird,%_by9XVo@B
christian89,MNVR%5Yw%W
william93,#Y*9LqHtJX
david34,BNhMAxtP_7
gbarker,%4ArmNL2AX
shannontaylor,!npK_yX1*5
jeremywilliams,2B^o9TVt^k
jennifer82,7ONRaBY!+Z
lindsayguerrero,^1UEbxpwdE
dunlapshane,+IRZ7x)!B2
petersonabigail,x!1SUzvi3R
onavarro,91^A3AcK%)
nicholaschapman,41+5Uq9H^X
jennifer20,s%0iaQpQD8
scoleman,O&k1J8hR#e
samantha59,^R)S*5MyMK
stevenbarry,q8^@53JpmP
dawn50,L3N(Hwmy%H
fernando74,uIRD_gAT!6
victoria04,B8eo6Dmk#1
ortiznicole,!1YQswkY@8
kimmichelle,*2(0Cemm76
paul76,1fhInxWF#@
william76,mz2z9iGnm@
aelliott,4%6YD*grdg
jeffreystevens,76tPbr@t!q
michael31,+6gI@kp+&I
mccartyshannon,a!dk7IQvuz
scott86,%4TG8gMhm7
christiefrey,@acABr#PH2
myersjeffrey,J4miMPdn)$
phillipvazquez,64V#GKwi+C
gary44,&_$x9nCkgO
marquezsharon,#Fr0*kj*v3
kholland,F0VA0_7o@d
cpatel,4iRWRm)b%B
amy29,9WTyiq3G##
huffmanmonica,@1BysudyF%
pfigueroa,47q^9WRe_i
amorgan,e3@u0(EwK&
lpope,lE4^3JkAM6
timothy00,0!@0KK)o)8
jonathan58,bm9qXLq3I&
theresa30,s@H9G9mWRJ
andrewwright,Ii8wpNjW*R
rhurst,4t46JvysZ(
martin08,(5VdNx*Vqz
pennyporter,+GmI1wbTz5
ccox,J$A9B%(Qws
zacharyhunter,&5KjYO5N1b
taylorjennifer,0fcP&lfM#8
doughertyjohnny,js7yPz9((^
brookskathryn,WG*6umGt1J
grahamsteven,)A6X#e5pv(
zturner,%hS$Ikju@8
barbara27,*EYv^Arwg8
morganryan,Z)oC2Toel)
kimberlyreeves,4+4N%dE(pJ
thomasjeremy,2I06IFyYQ$
chadsmith,frkRK4Xw*8
edwardssusan,6Vh)Rtme+9
ronaldhenry,6#4FRPsT%B
becky13,6pKAr0gG%z
valerieharris,@ZZEGXzON9
ann77,kSBw5gQu%w
barneskimberly,gL00d@Kfx@
ahoover,d1cVXuQh+0
jennifer66,_7ht6IQs#C
michellehughes,+3BF7Eczcw
clarkmicheal,r$j6ucAps^
jhampton,_9kJf4Kmu7
vincent16,1aFirE*m&Y
judy42,@pqXT7zO9z
william98,bsE2UoFI(1
susanjordan,txTC3Thzv)
taylorwilson,@0)6lD4z7N
clarence00,iq3e9Vc!P%
kingsharon,e4@$xVcw*T
johnsonlinda,n1#8Ltb4cj
williamsscott,+pHqU_wWS6
christopherayala,zN70S@kG$N
ronaldpatton,%$0DBlGk+v
jonathanrowe,t^5H_CJkjq
rubenstokes,(P1$Aeqv$+
harrissara,I%4G_Asz$9
lstone,3(TEe1_r_0
donnadiaz,$2FeYSly#7
rcoleman,C4Q3udJc&B
jdouglas,*79GIvF8lp
gregory77,8KmGcc(b@h
hendrixlaura,@9woVJssLz
bradyronald,)mJ2R_Ehl&
stephendaniels,if^lWVPF(4
wjohnson,*8F2VK8q&Z
lindsaypierce,)8H$evxg(O
bennetterica,_Y#Z%&j*J9
murraynatalie,O%Mq^0VKwl
qmcknight,#63GbDR5Ja
qmosley,1Fks1Wwoz$
iwaller,)vWL7ptF14
justinferguson,I03Q)ByW^(
vanessawilkins,KNlSSDwu!9
travisvega,3r#3VuAO9*
qhicks,&3E#PomQU9
emyers,u&3xgM$8Oj
landrykimberly,(V7eZvNx%5
williamscarrie,)XPJblF*7N
mbeck,14eDHwKs_8
brentburgess,_khIYt@ut2
hayesconnie,@W4G_IgWR!
yrodriguez,(1XKjVu2cn
gardnersamuel,OYHM2Mh$+i
anita03,)d7gT!Dco4
michael44,0*N58BIkNA
brownrebecca,8*uzWvn8@J
tracybrown,I2Ub@@sP_^
rodriguezjason,!#_h7iFjB0
garciaashley,wqZ9J+Ot+R
pmalone,NY1qX7Sv8_
dwilliams,Mq$0Qrk(M$
fosterchristopher,$TjL+p+tX6
elizabeth86,^Z2oDMk8J&
nicholas94,Por17lLr3!
jeremy90,%#6ZUEuoFT
clifford44,#u1HQHluZ)
lbowen,@E8^L^cf@P
vrichardson,d%&Z1BIkmK
ualexander,$8eCGbi%Yr
brooksdouglas,9@6x_Wayzq
william89,94N9CDiG_g
alejandro96,e6UCFqNd*c
ccarter,V#8RGw+mZy
tallen,S^9MC*WflV
stephanie95,#)5tRrabeE
snydermckenzie,Q8&l^Fa8_T
sheri14,_(A0&XNeRJ
rebeccakennedy,(82xD3eS#m
joseph23,HQT27DUpL$
ccaldwell,JlqRMGrX!0
nataliekrueger,6(RTKyp1^Q
vward,t62M580i$t
sandersscott,$A5kJ@Hp9N
ericksonwanda,v&2su5ya6K
wrightellen,Bt!736PuOM
sandra12,#JW+^z$%Z4
ryan77,+%9wGPbz!L
jason13,PZ90Vjmt__
ohill,I+4FhwK)XC
bowersamber,36BqWYf%#Z
dereksteele,d8%HA0Og_m
brucewilson,QXg4Zf!G&Z
whiteanthony,qGL00v+bS#
laurenalvarado,%@q8bAWwZp
carlsoncrystal,W9#E0ZvfYZ
stephanie61,(7*QrpMBl1
rbryant,i4GNZbmD#n
xbrown,l%8PEiuDT_
wardtina,m^S5yUXl37
maddoxmatthew,V9GXmKnK$v
vegamicheal,@7v#Q*D0Wn
ppalmer,KwSkeJP3+0
amy48,G$1MZP6q3z
gatesrebecca,@&f1Un80Fm
elizabeth58,^56HtekydL
andersonamanda,^5xC+MK)py
brianwright,)*MHfefj1C
mcarroll,CYYZdkwO*4
heather89,3!a83Xkph2
christinareynolds,$tQNfrykE1
